poloniex,2794.64870111,2017-04-10 07:56:31
poloniex,2794.64870111,2017-04-10 07:56:34
poloniex,2794.64870111,2017-04-10 07:56:36
poloniex,2794.64870111,2017-04-10 07:56:38
poloniex,2794.64870111,2017-04-10 07:56:40
poloniex,2794.64870111,2017-04-10 07:56:42
poloniex,2794.64870111,2017-04-10 07:56:44
poloniex,2794.64870111,2017-04-10 07:56:47
poloniex,2794.64870111,2017-04-10 07:56:49
poloniex,2794.64870111,2017-04-10 07:56:51
poloniex,2794.64870111,2017-04-10 07:56:53
poloniex,2794.64870111,2017-04-10 07:56:55
poloniex,2794.64870111,2017-04-10 07:56:57
poloniex,2794.64870111,2017-04-10 07:56:59
poloniex,2794.64870111,2017-04-10 07:57:01
poloniex,2794.64870111,2017-04-10 07:57:03
poloniex,2794.64870111,2017-04-10 07:57:05
poloniex,2794.64870111,2017-04-10 07:57:08
poloniex,2794.64870111,2017-04-10 07:57:10
poloniex,2794.64870111,2017-04-10 07:57:12
poloniex,2794.64870111,2017-04-10 07:57:14
poloniex,2794.64870111,2017-04-10 07:57:16
poloniex,2794.64870111,2017-04-10 07:57:18
poloniex,2794.64870111,2017-04-10 07:57:20
poloniex,2794.64870111,2017-04-10 07:57:22
poloniex,2794.64870111,2017-04-10 07:57:24
poloniex,2794.64870111,2017-04-10 07:57:27
poloniex,2794.64870111,2017-04-10 07:57:29
poloniex,2794.64870111,2017-04-10 07:57:31
poloniex,2795.86617987,2017-04-10 07:57:33
poloniex,2795.86617987,2017-04-10 07:57:36
poloniex,2795.86617987,2017-04-10 07:57:38
poloniex,2795.86617987,2017-04-10 07:57:40
poloniex,2795.86617987,2017-04-10 07:57:42
poloniex,2795.86617987,2017-04-10 07:57:44
poloniex,2795.86617987,2017-04-10 07:57:46
poloniex,2795.86617987,2017-04-10 07:57:48
poloniex,2795.86617987,2017-04-10 07:57:51
poloniex,2795.86617987,2017-04-10 07:57:53
poloniex,2795.86617987,2017-04-10 07:57:55
poloniex,2795.86617987,2017-04-10 07:57:57
poloniex,2795.86617987,2017-04-10 07:57:59
poloniex,2795.86617987,2017-04-10 07:58:01
poloniex,2795.86617987,2017-04-10 07:58:04
poloniex,2795.86617987,2017-04-10 07:58:06
poloniex,2795.86617987,2017-04-10 07:58:08
poloniex,2795.86617987,2017-04-10 07:58:10
poloniex,2795.86617987,2017-04-10 07:58:12
poloniex,2795.86617987,2017-04-10 07:58:14
poloniex,2795.86617987,2017-04-10 07:58:16
poloniex,2795.86617987,2017-04-10 07:58:18
poloniex,2795.86617987,2017-04-10 07:58:20
poloniex,2795.86617987,2017-04-10 07:58:22
poloniex,2795.86617987,2017-04-10 07:58:25
poloniex,2795.86617987,2017-04-10 07:58:27
poloniex,2795.86617987,2017-04-10 07:58:29
poloniex,2795.86617987,2017-04-10 07:58:31
poloniex,2795.86617987,2017-04-10 07:58:33
poloniex,2795.86617987,2017-04-10 07:58:35
poloniex,2795.86617987,2017-04-10 07:58:37
poloniex,2797.07212947,2017-04-10 07:58:39
poloniex,2797.07212947,2017-04-10 07:58:41
poloniex,2797.07212947,2017-04-10 07:58:44
poloniex,2797.07212947,2017-04-10 07:58:46
poloniex,2797.07212947,2017-04-10 07:58:48
poloniex,2797.07212947,2017-04-10 07:58:50
poloniex,2797.07212947,2017-04-10 07:58:52
poloniex,2797.07212947,2017-04-10 07:58:54
poloniex,2797.07212947,2017-04-10 07:58:56
poloniex,2797.07212947,2017-04-10 07:58:58
poloniex,2797.07212947,2017-04-10 07:59:00
poloniex,2797.07212947,2017-04-10 07:59:02
poloniex,2797.07212947,2017-04-10 07:59:04
poloniex,2797.07212947,2017-04-10 07:59:06
poloniex,2797.07212947,2017-04-10 07:59:08
poloniex,2797.07212947,2017-04-10 07:59:10
poloniex,2797.07212947,2017-04-10 07:59:12
poloniex,2797.07212947,2017-04-10 07:59:14
poloniex,2797.07212947,2017-04-10 07:59:17
poloniex,2797.07212947,2017-04-10 07:59:19
poloniex,2797.07212947,2017-04-10 07:59:21
poloniex,2797.07212947,2017-04-10 07:59:23
poloniex,2797.42722744,2017-04-10 07:59:26
poloniex,2797.42722744,2017-04-10 07:59:28
poloniex,2797.42722744,2017-04-10 07:59:30
poloniex,2797.42722744,2017-04-10 07:59:32
poloniex,2797.42722744,2017-04-10 07:59:34
poloniex,2797.42722744,2017-04-10 07:59:36
poloniex,2797.42722744,2017-04-10 07:59:38
poloniex,2797.42722744,2017-04-10 07:59:41
poloniex,2797.42722744,2017-04-10 07:59:43
poloniex,2797.42722744,2017-04-10 07:59:46
poloniex,2797.42722744,2017-04-10 07:59:48
poloniex,2797.42722744,2017-04-10 07:59:51
poloniex,2797.42722744,2017-04-10 07:59:53
poloniex,2797.42722744,2017-04-10 07:59:55
poloniex,2797.42722744,2017-04-10 07:59:57
poloniex,2797.42722744,2017-04-10 07:59:59
poloniex,2797.42722744,2017-04-10 08:00:01
poloniex,2797.42722744,2017-04-10 08:00:03
poloniex,2797.42722744,2017-04-10 08:00:05
poloniex,2797.42722744,2017-04-10 08:00:07
poloniex,2797.42722744,2017-04-10 08:00:09
poloniex,2797.42722744,2017-04-10 08:00:12
poloniex,2797.42722744,2017-04-10 08:00:14
poloniex,2797.42722744,2017-04-10 08:00:15
poloniex,2797.42722744,2017-04-10 08:00:18
poloniex,2797.42722744,2017-04-10 08:00:20
poloniex,2797.42722744,2017-04-10 08:00:22
poloniex,2797.42722744,2017-04-10 08:00:24
poloniex,2797.42722744,2017-04-10 08:00:26
poloniex,2797.42722744,2017-04-10 08:00:28
poloniex,2797.76849043,2017-04-10 08:00:30
poloniex,2797.76849043,2017-04-10 08:00:32
poloniex,2797.76849043,2017-04-10 08:00:34
poloniex,2797.76849043,2017-04-10 08:00:36
poloniex,2797.76849043,2017-04-10 08:00:38
poloniex,2797.76849043,2017-04-10 08:00:40
poloniex,2797.76849043,2017-04-10 08:00:42
poloniex,2797.76849043,2017-04-10 08:00:44
poloniex,2797.76849043,2017-04-10 08:00:46
poloniex,2797.76849043,2017-04-10 08:00:49
poloniex,2797.76849043,2017-04-10 08:00:51
poloniex,2797.76849043,2017-04-10 08:00:53
poloniex,2797.76849043,2017-04-10 08:00:55
poloniex,2797.76849043,2017-04-10 08:00:57
poloniex,2797.76849043,2017-04-10 08:01:02
poloniex,2797.76849043,2017-04-10 08:01:04
poloniex,2797.76849043,2017-04-10 08:01:07
poloniex,2797.76849043,2017-04-10 08:01:09
poloniex,2797.76849043,2017-04-10 08:01:12
poloniex,2797.76849043,2017-04-10 08:01:14
poloniex,2797.76849043,2017-04-10 08:01:16
poloniex,2797.88839364,2017-04-10 08:01:18
poloniex,2797.88839364,2017-04-10 08:01:20
poloniex,2797.88839364,2017-04-10 08:01:22
poloniex,2797.88839364,2017-04-10 08:01:24
poloniex,2797.88839364,2017-04-10 08:01:26
poloniex,2797.88839364,2017-04-10 08:01:28
poloniex,2797.88839364,2017-04-10 08:01:30
poloniex,2797.88839364,2017-04-10 08:01:32
poloniex,2797.88839364,2017-04-10 08:01:34
poloniex,2797.88839364,2017-04-10 08:01:36
poloniex,2797.88839364,2017-04-10 08:01:38
poloniex,2797.88839364,2017-04-10 08:01:41
poloniex,2797.88839364,2017-04-10 08:01:43
poloniex,2797.88839364,2017-04-10 08:01:45
poloniex,2797.88839364,2017-04-10 08:01:47
poloniex,2797.88839364,2017-04-10 08:02:04
poloniex,2797.88839364,2017-04-10 08:02:06
poloniex,2797.88839364,2017-04-10 08:02:08
poloniex,2797.88839364,2017-04-10 08:02:10
poloniex,2797.88839364,2017-04-10 08:02:12
poloniex,2797.88839364,2017-04-10 08:02:14
poloniex,2797.88839364,2017-04-10 08:02:16
poloniex,2797.88839364,2017-04-10 08:02:18
poloniex,2797.88839364,2017-04-10 08:02:20
poloniex,2797.88839364,2017-04-10 08:02:23
poloniex,2797.88839364,2017-04-10 08:02:25
poloniex,2797.88839364,2017-04-10 08:02:27
poloniex,2797.88839364,2017-04-10 08:02:29
poloniex,2797.88839364,2017-04-10 08:02:31
poloniex,2797.88839364,2017-04-10 08:02:34
poloniex,2797.88839364,2017-04-10 08:02:36
poloniex,2797.89069947,2017-04-10 08:02:38
poloniex,2797.89069947,2017-04-10 08:02:40
poloniex,2797.89069947,2017-04-10 08:02:42
poloniex,2797.89069947,2017-04-10 08:02:44
poloniex,2797.89069947,2017-04-10 08:02:46
poloniex,2797.89069947,2017-04-10 08:02:48
poloniex,2797.89069947,2017-04-10 08:02:50
poloniex,2797.89069947,2017-04-10 08:03:04
poloniex,2797.89069947,2017-04-10 08:03:06
poloniex,2797.89069947,2017-04-10 08:03:08
poloniex,2797.89069947,2017-04-10 08:03:10
poloniex,2797.89069947,2017-04-10 08:03:12
poloniex,2797.89069947,2017-04-10 08:03:14
poloniex,2797.89069947,2017-04-10 08:03:16
poloniex,2797.89069947,2017-04-10 08:03:19
poloniex,2797.89069947,2017-04-10 08:03:20
poloniex,2797.89069947,2017-04-10 08:03:23
poloniex,2797.89069947,2017-04-10 08:03:24
poloniex,2796.49797756,2017-04-10 08:03:26
poloniex,2796.49797756,2017-04-10 08:03:28
poloniex,2796.49797756,2017-04-10 08:03:31
poloniex,2796.49797756,2017-04-10 08:03:33
poloniex,2796.49797756,2017-04-10 08:03:35
poloniex,2796.49797756,2017-04-10 08:03:37
poloniex,2796.49797756,2017-04-10 08:03:40
poloniex,2796.49797756,2017-04-10 08:03:42
poloniex,2796.49797756,2017-04-10 08:03:44
poloniex,2796.49797756,2017-04-10 08:03:46
poloniex,2796.49797756,2017-04-10 08:03:48
poloniex,2796.49797756,2017-04-10 08:03:50
poloniex,2796.49797756,2017-04-10 08:03:52
poloniex,2796.49797756,2017-04-10 08:03:54
poloniex,2796.49797756,2017-04-10 08:03:56
poloniex,2796.49797756,2017-04-10 08:04:05
poloniex,2796.49797756,2017-04-10 08:04:07
poloniex,2796.49797756,2017-04-10 08:04:09
poloniex,2796.49797756,2017-04-10 08:04:12
poloniex,2796.49797756,2017-04-10 08:04:14
poloniex,2796.49797756,2017-04-10 08:04:16
poloniex,2796.49797756,2017-04-10 08:04:18
poloniex,2796.49797756,2017-04-10 08:04:20
poloniex,2796.49797756,2017-04-10 08:04:22
poloniex,2796.49797756,2017-04-10 08:04:25
poloniex,2796.49797756,2017-04-10 08:04:27
poloniex,2796.49797756,2017-04-10 08:04:29
poloniex,2797.12516358,2017-04-10 08:04:31
poloniex,2797.12516358,2017-04-10 08:04:33
poloniex,2797.12516358,2017-04-10 08:04:35
poloniex,2797.12516358,2017-04-10 08:04:37
poloniex,2797.12516358,2017-04-10 08:04:39
poloniex,2797.12516358,2017-04-10 08:04:41
poloniex,2797.12516358,2017-04-10 08:04:43
poloniex,2797.12516358,2017-04-10 08:04:46
poloniex,2797.12516358,2017-04-10 08:04:48
poloniex,2797.12516358,2017-04-10 08:04:50
poloniex,2797.12516358,2017-04-10 08:05:07
poloniex,2797.12516358,2017-04-10 08:05:10
poloniex,2797.12516358,2017-04-10 08:05:12
poloniex,2797.12516358,2017-04-10 08:05:14
poloniex,2797.12516358,2017-04-10 08:05:16
poloniex,2798.29652572,2017-04-10 08:05:18
poloniex,2798.29652572,2017-04-10 08:05:20
poloniex,2798.29652572,2017-04-10 08:05:22
poloniex,2798.29652572,2017-04-10 08:05:25
poloniex,2798.29652572,2017-04-10 08:05:27
poloniex,2798.29652572,2017-04-10 08:05:29
poloniex,2798.29652572,2017-04-10 08:05:32
poloniex,2798.29652572,2017-04-10 08:05:34
poloniex,2798.29652572,2017-04-10 08:05:35
poloniex,2798.29652572,2017-04-10 08:05:38
poloniex,2798.29652572,2017-04-10 08:05:40
poloniex,2798.29652572,2017-04-10 08:05:42
poloniex,2798.29652572,2017-04-10 08:05:44
poloniex,2798.29652572,2017-04-10 08:05:46
poloniex,2798.29652572,2017-04-10 08:05:48
poloniex,2798.29652572,2017-04-10 08:05:50
poloniex,2798.29652572,2017-04-10 08:05:53
poloniex,2798.29652572,2017-04-10 08:05:55
poloniex,2798.29652572,2017-04-10 08:05:57
poloniex,2798.29652572,2017-04-10 08:06:09
poloniex,2798.29652572,2017-04-10 08:06:11
poloniex,2798.29652572,2017-04-10 08:06:13
poloniex,2798.29652572,2017-04-10 08:06:15
poloniex,2798.29652572,2017-04-10 08:06:16
poloniex,2798.29652572,2017-04-10 08:06:18
poloniex,2798.29652572,2017-04-10 08:06:20
poloniex,2797.69239801,2017-04-10 08:06:22
poloniex,2797.69239801,2017-04-10 08:06:24
poloniex,2797.69239801,2017-04-10 08:06:26
poloniex,2797.69239801,2017-04-10 08:06:28
poloniex,2797.69239801,2017-04-10 08:06:30
poloniex,2797.69239801,2017-04-10 08:06:32
poloniex,2797.69239801,2017-04-10 08:06:34
poloniex,2797.69239801,2017-04-10 08:06:36
poloniex,2797.69239801,2017-04-10 08:06:38
poloniex,2797.69239801,2017-04-10 08:06:40
poloniex,2797.69239801,2017-04-10 08:06:42
poloniex,2797.69239801,2017-04-10 08:06:43
poloniex,2797.69239801,2017-04-10 08:06:45
poloniex,2797.69239801,2017-04-10 08:06:47
poloniex,2797.69239801,2017-04-10 08:06:49
poloniex,2797.69239801,2017-04-10 08:06:51
poloniex,2797.69239801,2017-04-10 08:06:53
poloniex,2797.69239801,2017-04-10 08:06:55
poloniex,2797.69239801,2017-04-10 08:06:57
poloniex,2797.69239801,2017-04-10 08:07:10
poloniex,2797.69239801,2017-04-10 08:07:12
poloniex,2797.69239801,2017-04-10 08:07:14
poloniex,2797.69239801,2017-04-10 08:07:16
poloniex,2797.69239801,2017-04-10 08:07:18
poloniex,2797.69239801,2017-04-10 08:07:20
poloniex,2797.69239801,2017-04-10 08:07:22
poloniex,2797.69239801,2017-04-10 08:07:23
poloniex,2797.69239801,2017-04-10 08:07:25
poloniex,2798.74616276,2017-04-10 08:07:27
poloniex,2798.74616276,2017-04-10 08:07:29
poloniex,2798.74616276,2017-04-10 08:07:31
poloniex,2798.74616276,2017-04-10 08:07:33
poloniex,2798.74616276,2017-04-10 08:07:35
poloniex,2798.74616276,2017-04-10 08:07:37
poloniex,2798.74616276,2017-04-10 08:07:39
poloniex,2798.74616276,2017-04-10 08:07:41
poloniex,2798.74616276,2017-04-10 08:07:43
poloniex,2798.74616276,2017-04-10 08:07:44
poloniex,2798.74616276,2017-04-10 08:07:46
poloniex,2798.74616276,2017-04-10 08:07:48
poloniex,2798.74616276,2017-04-10 08:07:50
poloniex,2798.74616276,2017-04-10 08:07:52
poloniex,2798.74616276,2017-04-10 08:07:54
poloniex,2798.74616276,2017-04-10 08:07:56
poloniex,2798.74616276,2017-04-10 08:08:12
poloniex,2798.74616276,2017-04-10 08:08:14
poloniex,2798.74616276,2017-04-10 08:08:16
poloniex,2798.74616276,2017-04-10 08:08:18
poloniex,2798.74616276,2017-04-10 08:08:20
poloniex,2798.74616276,2017-04-10 08:08:22
poloniex,2798.74616276,2017-04-10 08:08:24
poloniex,2798.74616276,2017-04-10 08:08:26
poloniex,2798.74616276,2017-04-10 08:08:28
poloniex,2798.74616276,2017-04-10 08:08:30
poloniex,2801.05429957,2017-04-10 08:08:32
poloniex,2801.05429957,2017-04-10 08:08:34
poloniex,2801.05429957,2017-04-10 08:08:36
poloniex,2801.05429957,2017-04-10 08:08:38
poloniex,2801.05429957,2017-04-10 08:08:39
poloniex,2801.05429957,2017-04-10 08:08:41
poloniex,2801.05429957,2017-04-10 08:08:43
poloniex,2801.05429957,2017-04-10 08:08:45
poloniex,2801.05429957,2017-04-10 08:08:47
poloniex,2801.05429957,2017-04-10 08:08:49
poloniex,2801.05429957,2017-04-10 08:08:51
poloniex,2801.05429957,2017-04-10 08:08:53
poloniex,2801.05429957,2017-04-10 08:08:55
poloniex,2801.05429957,2017-04-10 08:08:57
poloniex,2801.05429957,2017-04-10 08:09:14
poloniex,2801.05429957,2017-04-10 08:09:16
poloniex,2801.05429957,2017-04-10 08:09:18
poloniex,2801.05429957,2017-04-10 08:09:19
poloniex,2801.05429957,2017-04-10 08:09:21
poloniex,2801.05429957,2017-04-10 08:09:23
poloniex,2801.05429957,2017-04-10 08:09:25
poloniex,2801.05429957,2017-04-10 08:09:27
poloniex,2801.05429957,2017-04-10 08:09:29
poloniex,2801.05429957,2017-04-10 08:09:31
poloniex,2801.05429957,2017-04-10 08:09:33
poloniex,2801.05429957,2017-04-10 08:09:34
poloniex,2801.68379143,2017-04-10 08:09:36
poloniex,2801.68379143,2017-04-10 08:09:38
poloniex,2801.68379143,2017-04-10 08:09:40
poloniex,2801.68379143,2017-04-10 08:09:42
poloniex,2801.68379143,2017-04-10 08:09:44
poloniex,2801.68379143,2017-04-10 08:09:46
poloniex,2801.68379143,2017-04-10 08:09:48
poloniex,2801.68379143,2017-04-10 08:09:50
poloniex,2801.68379143,2017-04-10 08:09:52
poloniex,2801.68379143,2017-04-10 08:09:54
poloniex,2801.68379143,2017-04-10 08:09:56
poloniex,2801.68379143,2017-04-10 08:09:58
poloniex,2801.68379143,2017-04-10 08:10:00
poloniex,2802.06655937,2017-04-10 08:10:16
poloniex,2802.06655937,2017-04-10 08:10:19
poloniex,2802.06655937,2017-04-10 08:10:21
poloniex,2802.06655937,2017-04-10 08:10:23
poloniex,2802.06655937,2017-04-10 08:10:25
poloniex,2802.06655937,2017-04-10 08:10:27
poloniex,2802.06655937,2017-04-10 08:10:29
poloniex,2802.06655937,2017-04-10 08:10:31
poloniex,2802.06655937,2017-04-10 08:10:32
poloniex,2802.06655937,2017-04-10 08:10:35
poloniex,2802.06655937,2017-04-10 08:10:37
poloniex,2802.06655937,2017-04-10 08:10:39
poloniex,2802.06655937,2017-04-10 08:10:41
poloniex,2802.06655937,2017-04-10 08:10:43
poloniex,2802.06655937,2017-04-10 08:10:45
poloniex,2802.06655937,2017-04-10 08:10:47
poloniex,2802.06655937,2017-04-10 08:10:49
poloniex,2802.06655937,2017-04-10 08:10:51
poloniex,2802.06655937,2017-04-10 08:10:52
poloniex,2802.06655937,2017-04-10 08:10:54
poloniex,2802.06655937,2017-04-10 08:10:56
poloniex,2802.06655937,2017-04-10 08:10:58
poloniex,2802.06655937,2017-04-10 08:11:00
poloniex,2802.06655937,2017-04-10 08:11:02
poloniex,2802.18185092,2017-04-10 08:11:19
poloniex,2802.18185092,2017-04-10 08:11:21
poloniex,2802.18185092,2017-04-10 08:11:23
poloniex,2802.18185092,2017-04-10 08:11:25
poloniex,2802.18185092,2017-04-10 08:11:26
poloniex,2802.18185092,2017-04-10 08:11:28
poloniex,2802.18185092,2017-04-10 08:11:30
poloniex,2802.18185092,2017-04-10 08:11:32
poloniex,2802.18185092,2017-04-10 08:11:34
poloniex,2802.18185092,2017-04-10 08:11:36
poloniex,2802.18185092,2017-04-10 08:11:38
poloniex,2802.18185092,2017-04-10 08:11:40
poloniex,2802.18185092,2017-04-10 08:11:42
poloniex,2802.18185092,2017-04-10 08:11:44
poloniex,2802.18185092,2017-04-10 08:11:45
poloniex,2802.18185092,2017-04-10 08:11:47
poloniex,2802.18185092,2017-04-10 08:11:49
poloniex,2802.18185092,2017-04-10 08:11:51
poloniex,2802.18185092,2017-04-10 08:11:53
poloniex,2802.18185092,2017-04-10 08:11:55
poloniex,2802.18185092,2017-04-10 08:11:57
poloniex,2802.18185092,2017-04-10 08:11:59
poloniex,2802.18185092,2017-04-10 08:12:01
poloniex,2802.46546813,2017-04-10 08:12:17
poloniex,2802.46546813,2017-04-10 08:12:19
poloniex,2802.46546813,2017-04-10 08:12:21
poloniex,2802.46546813,2017-04-10 08:12:23
poloniex,2802.46546813,2017-04-10 08:12:25
poloniex,2802.46546813,2017-04-10 08:12:27
poloniex,2802.46546813,2017-04-10 08:12:29
poloniex,2802.46546813,2017-04-10 08:12:31
poloniex,2802.46546813,2017-04-10 08:12:33
poloniex,2802.46546813,2017-04-10 08:12:35
poloniex,2802.46546813,2017-04-10 08:12:37
poloniex,2802.46546813,2017-04-10 08:12:39
poloniex,2802.46546813,2017-04-10 08:12:40
poloniex,2802.46546813,2017-04-10 08:12:42
poloniex,2802.46546813,2017-04-10 08:12:44
poloniex,2802.46546813,2017-04-10 08:12:46
poloniex,2802.46546813,2017-04-10 08:12:48
poloniex,2802.46546813,2017-04-10 08:12:50
poloniex,2802.46546813,2017-04-10 08:12:52
poloniex,2802.46546813,2017-04-10 08:12:54
poloniex,2802.46546813,2017-04-10 08:12:56
poloniex,2802.46546813,2017-04-10 08:12:58
poloniex,2802.46546813,2017-04-10 08:13:00
poloniex,2802.46546813,2017-04-10 08:13:02
poloniex,2802.46546813,2017-04-10 08:13:18
poloniex,2802.44932732,2017-04-10 08:13:20
poloniex,2802.44932732,2017-04-10 08:13:22
poloniex,2802.44932732,2017-04-10 08:13:24
poloniex,2802.44932732,2017-04-10 08:13:26
poloniex,2802.44932732,2017-04-10 08:13:28
poloniex,2802.44932732,2017-04-10 08:13:30
poloniex,2802.44932732,2017-04-10 08:13:32
poloniex,2802.44932732,2017-04-10 08:13:34
poloniex,2802.44932732,2017-04-10 08:13:35
poloniex,2802.44932732,2017-04-10 08:13:37
poloniex,2802.44932732,2017-04-10 08:13:39
poloniex,2802.44932732,2017-04-10 08:13:41
poloniex,2802.44932732,2017-04-10 08:13:43
poloniex,2802.44932732,2017-04-10 08:13:45
poloniex,2802.44932732,2017-04-10 08:13:47
poloniex,2802.44932732,2017-04-10 08:13:49
poloniex,2802.44932732,2017-04-10 08:13:51
poloniex,2802.44932732,2017-04-10 08:13:53
poloniex,2802.44932732,2017-04-10 08:13:55
poloniex,2802.44932732,2017-04-10 08:13:57
poloniex,2802.44932732,2017-04-10 08:13:59
poloniex,2802.44932732,2017-04-10 08:14:00
poloniex,2802.44932732,2017-04-10 08:14:20
poloniex,2802.44932732,2017-04-10 08:14:22
poloniex,2802.1426518,2017-04-10 08:14:24
poloniex,2802.1426518,2017-04-10 08:14:26
poloniex,2802.1426518,2017-04-10 08:14:28
poloniex,2802.1426518,2017-04-10 08:14:29
poloniex,2802.1426518,2017-04-10 08:14:31
poloniex,2802.1426518,2017-04-10 08:14:33
poloniex,2802.1426518,2017-04-10 08:14:35
poloniex,2802.1426518,2017-04-10 08:14:37
poloniex,2802.1426518,2017-04-10 08:14:39
poloniex,2802.1426518,2017-04-10 08:14:41
poloniex,2802.1426518,2017-04-10 08:14:43
poloniex,2802.1426518,2017-04-10 08:14:44
poloniex,2802.1426518,2017-04-10 08:14:46
poloniex,2802.1426518,2017-04-10 08:14:48
poloniex,2802.1426518,2017-04-10 08:14:50
poloniex,2802.1426518,2017-04-10 08:14:52
poloniex,2802.1426518,2017-04-10 08:14:54
poloniex,2802.1426518,2017-04-10 08:14:56
poloniex,2802.1426518,2017-04-10 08:14:58
poloniex,2802.1426518,2017-04-10 08:15:00
poloniex,2802.1426518,2017-04-10 08:15:01
poloniex,2802.1426518,2017-04-10 08:15:03
poloniex,2802.1426518,2017-04-10 08:15:05
poloniex,2802.1426518,2017-04-10 08:15:07
poloniex,2802.1426518,2017-04-10 08:15:09
poloniex,2802.1426518,2017-04-10 08:15:11
poloniex,2802.1426518,2017-04-10 08:15:13
poloniex,2802.1426518,2017-04-10 08:15:23
poloniex,2802.1426518,2017-04-10 08:15:24
poloniex,2802.1426518,2017-04-10 08:15:26
poloniex,2802.13342847,2017-04-10 08:15:28
poloniex,2802.13342847,2017-04-10 08:15:30
poloniex,2802.13342847,2017-04-10 08:15:32
poloniex,2802.13342847,2017-04-10 08:15:34
poloniex,2802.13342847,2017-04-10 08:15:36
poloniex,2802.13342847,2017-04-10 08:15:38
poloniex,2802.13342847,2017-04-10 08:15:40
poloniex,2802.13342847,2017-04-10 08:15:42
poloniex,2802.13342847,2017-04-10 08:15:44
poloniex,2802.13342847,2017-04-10 08:15:46
poloniex,2802.13342847,2017-04-10 08:15:47
poloniex,2802.13342847,2017-04-10 08:15:49
poloniex,2802.13342847,2017-04-10 08:15:51
poloniex,2802.13342847,2017-04-10 08:15:53
poloniex,2802.13342847,2017-04-10 08:15:55
poloniex,2802.13342847,2017-04-10 08:15:57
poloniex,2802.13342847,2017-04-10 08:15:59
poloniex,2802.13342847,2017-04-10 08:16:01
poloniex,2802.13342847,2017-04-10 08:16:02
poloniex,2802.13342847,2017-04-10 08:16:04
poloniex,2802.13342847,2017-04-10 08:16:06
poloniex,2802.13342847,2017-04-10 08:16:23
poloniex,2802.13342847,2017-04-10 08:16:25
poloniex,2802.13342847,2017-04-10 08:16:27
poloniex,2802.13342847,2017-04-10 08:16:29
poloniex,2802.02274859,2017-04-10 08:16:31
poloniex,2802.02274859,2017-04-10 08:16:33
poloniex,2802.02274859,2017-04-10 08:16:35
poloniex,2802.02274859,2017-04-10 08:16:36
poloniex,2802.02274859,2017-04-10 08:16:38
poloniex,2802.02274859,2017-04-10 08:16:40
poloniex,2802.02274859,2017-04-10 08:16:42
poloniex,2802.02274859,2017-04-10 08:16:44
poloniex,2802.02274859,2017-04-10 08:16:46
poloniex,2802.02274859,2017-04-10 08:16:48
poloniex,2802.02274859,2017-04-10 08:16:50
poloniex,2802.02274859,2017-04-10 08:16:51
poloniex,2802.02274859,2017-04-10 08:16:54
poloniex,2802.02274859,2017-04-10 08:16:56
poloniex,2802.02274859,2017-04-10 08:16:57
poloniex,2802.02274859,2017-04-10 08:16:59
poloniex,2802.02274859,2017-04-10 08:17:01
poloniex,2802.14726346,2017-04-10 08:17:03
poloniex,2802.14726346,2017-04-10 08:17:05
poloniex,2802.14726346,2017-04-10 08:17:07
poloniex,2802.14726346,2017-04-10 08:17:23
poloniex,2802.14726346,2017-04-10 08:17:25
poloniex,2802.14726346,2017-04-10 08:17:28
poloniex,2802.14726346,2017-04-10 08:17:32
poloniex,2802.14495763,2017-04-10 08:17:36
poloniex,2802.14495763,2017-04-10 08:17:41
poloniex,2802.14495763,2017-04-10 08:17:45
poloniex,2801.55927656,2017-04-10 08:18:51
poloniex,2801.55927656,2017-04-10 08:18:53
poloniex,2801.55927656,2017-04-10 08:18:56
poloniex,2801.55927656,2017-04-10 08:18:58
poloniex,2801.55927656,2017-04-10 08:19:00
poloniex,2801.55927656,2017-04-10 08:19:02
poloniex,2801.55927656,2017-04-10 08:19:04
poloniex,2801.55927656,2017-04-10 08:19:06
poloniex,2801.55927656,2017-04-10 08:19:07
poloniex,2801.55927656,2017-04-10 08:19:10
poloniex,2801.52238326,2017-04-10 08:19:12
poloniex,2801.52238326,2017-04-10 08:19:13
poloniex,2801.52238326,2017-04-10 08:19:26
poloniex,2801.52238326,2017-04-10 08:19:28
poloniex,2801.52238326,2017-04-10 08:19:29
poloniex,2801.52238326,2017-04-10 08:19:31
poloniex,2801.52238326,2017-04-10 08:19:33
poloniex,2801.52238326,2017-04-10 08:19:35
poloniex,2801.52238326,2017-04-10 08:19:37
poloniex,2801.52238326,2017-04-10 08:19:39
poloniex,2801.52238326,2017-04-10 08:19:41
poloniex,2801.52238326,2017-04-10 08:19:43
poloniex,2801.52238326,2017-04-10 08:19:45
poloniex,2801.52238326,2017-04-10 08:19:47
poloniex,2801.52238326,2017-04-10 08:19:48
poloniex,2801.52238326,2017-04-10 08:19:50
poloniex,2801.52238326,2017-04-10 08:19:52
poloniex,2801.52238326,2017-04-10 08:19:54
poloniex,2801.52238326,2017-04-10 08:19:56
poloniex,2801.52238326,2017-04-10 08:19:58
poloniex,2801.52238326,2017-04-10 08:20:00
poloniex,2801.52238326,2017-04-10 08:20:02
poloniex,2801.52238326,2017-04-10 08:20:04
poloniex,2801.52238326,2017-04-10 08:20:06
poloniex,2801.52238326,2017-04-10 08:20:08
poloniex,2801.52238326,2017-04-10 08:20:10
poloniex,2801.52238326,2017-04-10 08:20:12
poloniex,2801.52238326,2017-04-10 08:20:13
poloniex,2801.29641183,2017-04-10 08:20:26
poloniex,2801.29641183,2017-04-10 08:20:28
poloniex,2801.29641183,2017-04-10 08:20:29
poloniex,2801.29641183,2017-04-10 08:20:31
poloniex,2801.29641183,2017-04-10 08:20:33
poloniex,2801.29641183,2017-04-10 08:20:35
poloniex,2801.29641183,2017-04-10 08:20:37
poloniex,2801.29641183,2017-04-10 08:20:39
poloniex,2801.29641183,2017-04-10 08:20:41
poloniex,2801.29641183,2017-04-10 08:20:43
poloniex,2801.29641183,2017-04-10 08:20:45
poloniex,2801.29641183,2017-04-10 08:20:47
poloniex,2801.29641183,2017-04-10 08:20:49
poloniex,2801.29641183,2017-04-10 08:20:50
poloniex,2801.29641183,2017-04-10 08:20:52
poloniex,2801.29641183,2017-04-10 08:20:54
poloniex,2801.29641183,2017-04-10 08:20:56
poloniex,2801.29641183,2017-04-10 08:20:58
poloniex,2801.29641183,2017-04-10 08:21:00
poloniex,2801.29641183,2017-04-10 08:21:02
poloniex,2801.7183789,2017-04-10 08:21:04
poloniex,2801.7183789,2017-04-10 08:21:06
poloniex,2801.7183789,2017-04-10 08:21:07
poloniex,2801.7183789,2017-04-10 08:21:10
poloniex,2801.7183789,2017-04-10 08:21:12
poloniex,2801.7183789,2017-04-10 08:21:28
poloniex,2801.7183789,2017-04-10 08:21:30
poloniex,2801.7183789,2017-04-10 08:21:32
poloniex,2801.7183789,2017-04-10 08:21:34
poloniex,2801.7183789,2017-04-10 08:21:36
poloniex,2801.7183789,2017-04-10 08:21:38
poloniex,2801.7183789,2017-04-10 08:21:40
poloniex,2801.7183789,2017-04-10 08:21:42
poloniex,2801.7183789,2017-04-10 08:21:44
poloniex,2801.7183789,2017-04-10 08:21:46
poloniex,2801.7183789,2017-04-10 08:21:48
poloniex,2801.7183789,2017-04-10 08:21:50
poloniex,2801.7183789,2017-04-10 08:21:51
poloniex,2801.7183789,2017-04-10 08:21:53
poloniex,2801.7183789,2017-04-10 08:21:55
poloniex,2801.7183789,2017-04-10 08:21:57
poloniex,2801.7183789,2017-04-10 08:21:59
poloniex,2801.7183789,2017-04-10 08:22:01
poloniex,2801.7183789,2017-04-10 08:22:03
poloniex,2801.7183789,2017-04-10 08:22:05
poloniex,2801.66073312,2017-04-10 08:22:07
poloniex,2801.66073312,2017-04-10 08:22:09
poloniex,2801.66073312,2017-04-10 08:22:11
poloniex,2801.66073312,2017-04-10 08:22:12
poloniex,2801.66073312,2017-04-10 08:22:29
poloniex,2801.66073312,2017-04-10 08:22:31
poloniex,2801.66073312,2017-04-10 08:22:33
poloniex,2801.66073312,2017-04-10 08:22:35
poloniex,2801.66073312,2017-04-10 08:22:36
poloniex,2801.66073312,2017-04-10 08:22:38
poloniex,2801.66073312,2017-04-10 08:22:40
poloniex,2801.66073312,2017-04-10 08:22:42
poloniex,2801.66073312,2017-04-10 08:22:44
poloniex,2801.66073312,2017-04-10 08:22:46
poloniex,2801.66073312,2017-04-10 08:22:48
poloniex,2801.66073312,2017-04-10 08:22:50
poloniex,2801.66073312,2017-04-10 08:22:52
poloniex,2801.66073312,2017-04-10 08:22:54
poloniex,2801.66073312,2017-04-10 08:22:56
poloniex,2801.66073312,2017-04-10 08:22:58
poloniex,2801.66073312,2017-04-10 08:23:00
poloniex,2801.66073312,2017-04-10 08:23:02
poloniex,2801.66073312,2017-04-10 08:23:04
poloniex,2801.66073312,2017-04-10 08:23:08
poloniex,2801.39786839,2017-04-10 08:23:13
poloniex,2801.39786839,2017-04-10 08:23:19
poloniex,2801.39786839,2017-04-10 08:23:24
poloniex,2801.39786839,2017-04-10 08:23:28
poloniex,2801.39786839,2017-04-10 08:23:31
poloniex,2801.39786839,2017-04-10 08:23:33
poloniex,2801.39786839,2017-04-10 08:23:35
poloniex,2801.39786839,2017-04-10 08:23:38
poloniex,2801.39786839,2017-04-10 08:23:43
poloniex,2801.39786839,2017-04-10 08:23:46
poloniex,2801.39786839,2017-04-10 08:23:49
poloniex,2801.39786839,2017-04-10 08:23:51
poloniex,2801.39786839,2017-04-10 08:23:55
poloniex,2801.39786839,2017-04-10 08:24:00
poloniex,2801.39786839,2017-04-10 08:24:02
poloniex,2801.39786839,2017-04-10 08:24:04
poloniex,2801.39786839,2017-04-10 08:24:05
poloniex,2801.39786839,2017-04-10 08:24:07
poloniex,2801.39786839,2017-04-10 08:24:13
poloniex,2801.39786839,2017-04-10 08:24:17
poloniex,2801.39786839,2017-04-10 08:24:19
poloniex,2801.39786839,2017-04-10 08:24:21
poloniex,2801.39786839,2017-04-10 08:24:23
poloniex,2801.39786839,2017-04-10 08:24:27
poloniex,2801.33561095,2017-04-10 08:24:32
poloniex,2801.33561095,2017-04-10 08:24:34
poloniex,2801.33561095,2017-04-10 08:24:36
poloniex,2801.33561095,2017-04-10 08:24:38
poloniex,2801.33561095,2017-04-10 08:24:40
poloniex,2801.33561095,2017-04-10 08:24:44
poloniex,2801.33561095,2017-04-10 08:24:48
poloniex,2801.33561095,2017-04-10 08:24:51
poloniex,2801.33561095,2017-04-10 08:24:53
poloniex,2801.33561095,2017-04-10 08:24:55
poloniex,2801.33561095,2017-04-10 08:24:57
poloniex,2801.33561095,2017-04-10 08:24:59
poloniex,2801.33561095,2017-04-10 08:25:01
poloniex,2801.33561095,2017-04-10 08:25:06
poloniex,2801.33561095,2017-04-10 08:25:10
poloniex,2801.33561095,2017-04-10 08:25:15
poloniex,2801.33561095,2017-04-10 08:25:20
poloniex,2800.89519724,2017-04-10 08:25:22
poloniex,2800.89519724,2017-04-10 08:25:23
poloniex,2800.89519724,2017-04-10 08:25:28
poloniex,2800.89519724,2017-04-10 08:25:32
poloniex,2800.89519724,2017-04-10 08:25:34
poloniex,2800.89519724,2017-04-10 08:25:36
poloniex,2800.89519724,2017-04-10 08:25:38
poloniex,2800.89519724,2017-04-10 08:25:40
poloniex,2800.89519724,2017-04-10 08:25:45
poloniex,2800.89519724,2017-04-10 08:25:49
poloniex,2800.89519724,2017-04-10 08:25:51
poloniex,2800.89519724,2017-04-10 08:25:56
poloniex,2800.89519724,2017-04-10 08:26:01
poloniex,2800.89519724,2017-04-10 08:26:03
poloniex,2800.89519724,2017-04-10 08:26:05
poloniex,2800.89519724,2017-04-10 08:26:07
poloniex,2800.89519724,2017-04-10 08:26:09
poloniex,2800.89519724,2017-04-10 08:26:11
poloniex,2800.89519724,2017-04-10 08:26:16
poloniex,2800.89519724,2017-04-10 08:26:20
poloniex,2800.89519724,2017-04-10 08:26:23
poloniex,2800.52626428,2017-04-10 08:26:29
poloniex,2800.52626428,2017-04-10 08:26:32
poloniex,2800.52626428,2017-04-10 08:26:33
poloniex,2800.52626428,2017-04-10 08:26:35
poloniex,2800.52626428,2017-04-10 08:26:37
poloniex,2800.52626428,2017-04-10 08:26:39
poloniex,2800.52626428,2017-04-10 08:26:42
poloniex,2800.52626428,2017-04-10 08:26:47
poloniex,2800.52626428,2017-04-10 08:26:50
poloniex,2800.52626428,2017-04-10 08:26:52
poloniex,2800.52626428,2017-04-10 08:26:54
poloniex,2800.52626428,2017-04-10 08:26:56
poloniex,2800.52626428,2017-04-10 08:26:58
poloniex,2800.52626428,2017-04-10 08:27:00
poloniex,2800.52626428,2017-04-10 08:27:02
poloniex,2800.52626428,2017-04-10 08:27:07
poloniex,2800.52626428,2017-04-10 08:27:11
poloniex,2800.52626428,2017-04-10 08:27:13
poloniex,2800.52626428,2017-04-10 08:27:15
poloniex,2800.52626428,2017-04-10 08:27:17
poloniex,2800.52626428,2017-04-10 08:27:19
poloniex,2800.52626428,2017-04-10 08:27:21
poloniex,2800.52626428,2017-04-10 08:27:23
poloniex,2800.52626428,2017-04-10 08:27:28
poloniex,2796.34118105,2017-04-10 08:27:32
poloniex,2796.34118105,2017-04-10 08:27:34
poloniex,2796.34118105,2017-04-10 08:27:36
poloniex,2796.34118105,2017-04-10 08:27:38
poloniex,2796.34118105,2017-04-10 08:27:40
poloniex,2796.34118105,2017-04-10 08:27:42
poloniex,2796.34118105,2017-04-10 08:27:44
poloniex,2796.34118105,2017-04-10 08:27:49
poloniex,2796.34118105,2017-04-10 08:27:53
poloniex,2796.34118105,2017-04-10 08:27:55
poloniex,2796.34118105,2017-04-10 08:27:57
poloniex,2796.34118105,2017-04-10 08:28:00
poloniex,2796.34118105,2017-04-10 08:28:02
poloniex,2796.34118105,2017-04-10 08:28:04
poloniex,2796.34118105,2017-04-10 08:28:07
poloniex,2796.34118105,2017-04-10 08:28:12
poloniex,2796.34118105,2017-04-10 08:28:15
poloniex,2794.94845914,2017-04-10 08:28:17
poloniex,2794.94845914,2017-04-10 08:28:19
poloniex,2794.94845914,2017-04-10 08:28:21
poloniex,2794.94845914,2017-04-10 08:28:23
poloniex,2794.94845914,2017-04-10 08:28:25
poloniex,2794.94845914,2017-04-10 08:28:29
poloniex,2794.94845914,2017-04-10 08:28:33
poloniex,2794.94845914,2017-04-10 08:28:35
poloniex,2794.94845914,2017-04-10 08:28:37
poloniex,2794.94845914,2017-04-10 08:28:39
poloniex,2794.94845914,2017-04-10 08:28:41
poloniex,2794.94845914,2017-04-10 08:28:43
poloniex,2794.94845914,2017-04-10 08:28:48
poloniex,2794.94845914,2017-04-10 08:28:52
poloniex,2794.94845914,2017-04-10 08:28:55
poloniex,2794.94845914,2017-04-10 08:28:56
poloniex,2794.94845914,2017-04-10 08:28:58
poloniex,2794.94845914,2017-04-10 08:29:03
poloniex,2794.94845914,2017-04-10 08:29:07
poloniex,2794.94845914,2017-04-10 08:29:09
poloniex,2794.94845914,2017-04-10 08:29:11
poloniex,2794.94845914,2017-04-10 08:29:13
poloniex,2794.94845914,2017-04-10 08:29:15
poloniex,2794.94845914,2017-04-10 08:29:18
poloniex,2794.94845914,2017-04-10 08:29:23
poloniex,2794.28668565,2017-04-10 08:29:26
poloniex,2794.28668565,2017-04-10 08:29:28
poloniex,2794.28668565,2017-04-10 08:29:30
poloniex,2794.28668565,2017-04-10 08:29:32
poloniex,2794.28668565,2017-04-10 08:29:34
poloniex,2794.28668565,2017-04-10 08:29:36
poloniex,2794.28668565,2017-04-10 08:29:40
poloniex,2794.28668565,2017-04-10 08:29:44
poloniex,2794.28668565,2017-04-10 08:29:46
poloniex,2794.28668565,2017-04-10 08:29:48
poloniex,2794.28668565,2017-04-10 08:29:50
poloniex,2794.28668565,2017-04-10 08:29:52
poloniex,2794.28668565,2017-04-10 08:29:56
poloniex,2794.28668565,2017-04-10 08:30:01
poloniex,2794.28668565,2017-04-10 08:30:03
poloniex,2794.28668565,2017-04-10 08:30:07
poloniex,2794.28668565,2017-04-10 08:30:12
poloniex,2794.28668565,2017-04-10 08:30:14
poloniex,2794.28668565,2017-04-10 08:30:16
poloniex,2794.28668565,2017-04-10 08:30:18
poloniex,2794.28668565,2017-04-10 08:30:20
poloniex,2794.28668565,2017-04-10 08:30:22
poloniex,2794.28668565,2017-04-10 08:30:24
poloniex,2794.62333697,2017-04-10 08:30:30
poloniex,2794.62333697,2017-04-10 08:30:34
poloniex,2794.62333697,2017-04-10 08:30:36
poloniex,2794.62333697,2017-04-10 08:30:38
poloniex,2794.62333697,2017-04-10 08:30:39
poloniex,2794.62333697,2017-04-10 08:30:41
poloniex,2794.62333697,2017-04-10 08:30:43
poloniex,2794.62333697,2017-04-10 08:30:45
poloniex,2794.62333697,2017-04-10 08:30:50
poloniex,2794.62333697,2017-04-10 08:30:54
poloniex,2794.62333697,2017-04-10 08:30:57
poloniex,2794.62333697,2017-04-10 08:30:59
poloniex,2794.62333697,2017-04-10 08:31:01
poloniex,2794.62333697,2017-04-10 08:31:03
poloniex,2794.62333697,2017-04-10 08:31:05
poloniex,2794.62333697,2017-04-10 08:31:08
poloniex,2794.62333697,2017-04-10 08:31:12
poloniex,2794.62333697,2017-04-10 08:31:16
poloniex,2794.62333697,2017-04-10 08:31:18
poloniex,2794.62333697,2017-04-10 08:31:20
poloniex,2794.62333697,2017-04-10 08:31:22
poloniex,2794.62333697,2017-04-10 08:31:24
poloniex,2794.62333697,2017-04-10 08:31:26
poloniex,2794.62333697,2017-04-10 08:31:28
poloniex,2794.47115213,2017-04-10 08:31:33
poloniex,2794.47115213,2017-04-10 08:31:37
poloniex,2794.47115213,2017-04-10 08:31:39
poloniex,2794.47115213,2017-04-10 08:31:41
poloniex,2794.47115213,2017-04-10 08:31:43
poloniex,2794.47115213,2017-04-10 08:31:45
poloniex,2794.47115213,2017-04-10 08:31:50
poloniex,2794.47115213,2017-04-10 08:31:54
poloniex,2794.47115213,2017-04-10 08:31:56
poloniex,2794.47115213,2017-04-10 08:31:58
poloniex,2794.47115213,2017-04-10 08:32:00
poloniex,2794.47115213,2017-04-10 08:32:02
poloniex,2794.47115213,2017-04-10 08:32:06
poloniex,2794.47115213,2017-04-10 08:32:11
poloniex,2794.47115213,2017-04-10 08:32:13
poloniex,2794.47115213,2017-04-10 08:32:18
poloniex,2794.47115213,2017-04-10 08:32:22
poloniex,2794.47115213,2017-04-10 08:32:27
poloniex,2794.47115213,2017-04-10 08:32:32
poloniex,2794.93231832,2017-04-10 08:32:36
poloniex,2794.93231832,2017-04-10 08:32:41
poloniex,2794.93231832,2017-04-10 08:32:46
poloniex,2794.93231832,2017-04-10 08:32:51
poloniex,2794.93231832,2017-04-10 08:32:57
poloniex,2794.93231832,2017-04-10 08:33:00
poloniex,2794.93231832,2017-04-10 08:33:02
poloniex,2794.93231832,2017-04-10 08:33:06
poloniex,2794.93231832,2017-04-10 08:33:11
poloniex,2794.93231832,2017-04-10 08:33:16
poloniex,2794.93231832,2017-04-10 08:33:20
poloniex,2794.7294052,2017-04-10 08:33:26
poloniex,2794.7294052,2017-04-10 08:33:31
poloniex,2794.7294052,2017-04-10 08:33:35
poloniex,2794.7294052,2017-04-10 08:33:41
poloniex,2794.7294052,2017-04-10 08:33:46
poloniex,2794.7294052,2017-04-10 08:33:50
poloniex,2794.7294052,2017-04-10 08:33:55
poloniex,2794.7294052,2017-04-10 08:34:00
poloniex,2794.7294052,2017-04-10 08:34:04
poloniex,2794.7294052,2017-04-10 08:34:09
poloniex,2794.7294052,2017-04-10 08:34:13
poloniex,2794.7294052,2017-04-10 08:34:17
poloniex,2794.7294052,2017-04-10 08:34:19
poloniex,2794.7294052,2017-04-10 08:34:21
poloniex,2794.7294052,2017-04-10 08:34:26
poloniex,2795.59639764,2017-04-10 08:34:30
poloniex,2795.59639764,2017-04-10 08:34:32
poloniex,2795.59639764,2017-04-10 08:34:34
poloniex,2795.59639764,2017-04-10 08:34:36
poloniex,2795.59639764,2017-04-10 08:34:38
poloniex,2795.59639764,2017-04-10 08:34:44
poloniex,2795.59639764,2017-04-10 08:34:49
poloniex,2795.59639764,2017-04-10 08:34:51
poloniex,2795.59639764,2017-04-10 08:34:53
poloniex,2795.59639764,2017-04-10 08:34:55
poloniex,2795.59639764,2017-04-10 08:34:57
poloniex,2795.59639764,2017-04-10 08:34:59
poloniex,2795.59639764,2017-04-10 08:35:03
poloniex,2795.59639764,2017-04-10 08:35:08
poloniex,2795.59639764,2017-04-10 08:35:10
poloniex,2795.59639764,2017-04-10 08:35:12
poloniex,2795.59639764,2017-04-10 08:35:14
poloniex,2794.15294745,2017-04-10 08:35:16
poloniex,2794.15294745,2017-04-10 08:35:18
poloniex,2794.15294745,2017-04-10 08:35:20
poloniex,2794.15294745,2017-04-10 08:35:23
poloniex,2794.15294745,2017-04-10 08:35:27
poloniex,2794.15294745,2017-04-10 08:35:31
poloniex,2794.15294745,2017-04-10 08:35:33
poloniex,2794.15294745,2017-04-10 08:35:35
poloniex,2794.15294745,2017-04-10 08:35:37
poloniex,2794.15294745,2017-04-10 08:35:39
poloniex,2794.15294745,2017-04-10 08:35:41
poloniex,2794.15294745,2017-04-10 08:35:45
poloniex,2794.15294745,2017-04-10 08:35:50
poloniex,2794.15294745,2017-04-10 08:35:52
poloniex,2794.15294745,2017-04-10 08:35:54
poloniex,2794.15294745,2017-04-10 08:35:55
poloniex,2794.15294745,2017-04-10 08:35:57
poloniex,2794.15294745,2017-04-10 08:35:59
poloniex,2794.15294745,2017-04-10 08:36:01
poloniex,2794.15294745,2017-04-10 08:36:05
poloniex,2794.15294745,2017-04-10 08:36:10
poloniex,2794.15294745,2017-04-10 08:36:12
poloniex,2794.15294745,2017-04-10 08:36:14
poloniex,2794.15294745,2017-04-10 08:36:17
poloniex,2793.86702441,2017-04-10 08:36:21
poloniex,2793.86702441,2017-04-10 08:36:25
poloniex,2793.86702441,2017-04-10 08:36:27
poloniex,2793.86702441,2017-04-10 08:36:30
poloniex,2793.86702441,2017-04-10 08:36:32
poloniex,2793.86702441,2017-04-10 08:36:34
poloniex,2793.86702441,2017-04-10 08:36:36
poloniex,2793.86702441,2017-04-10 08:36:40
poloniex,2793.86702441,2017-04-10 08:36:44
poloniex,2793.86702441,2017-04-10 08:36:47
poloniex,2793.86702441,2017-04-10 08:36:49
poloniex,2793.86702441,2017-04-10 08:36:51
poloniex,2793.86702441,2017-04-10 08:36:53
poloniex,2793.86702441,2017-04-10 08:36:55
poloniex,2793.86702441,2017-04-10 08:36:57
poloniex,2793.86702441,2017-04-10 08:37:01
poloniex,2793.86702441,2017-04-10 08:37:06
poloniex,2793.86702441,2017-04-10 08:37:08
poloniex,2793.86702441,2017-04-10 08:37:10
poloniex,2793.86702441,2017-04-10 08:37:12
poloniex,2793.86702441,2017-04-10 08:37:14
poloniex,2793.86702441,2017-04-10 08:37:18
poloniex,2793.60877134,2017-04-10 08:37:23
poloniex,2793.60877134,2017-04-10 08:37:25
poloniex,2793.60877134,2017-04-10 08:37:27
poloniex,2793.60877134,2017-04-10 08:37:33
poloniex,2793.60877134,2017-04-10 08:37:38
poloniex,2793.60877134,2017-04-10 08:37:42
poloniex,2793.60877134,2017-04-10 08:37:46
poloniex,2793.60877134,2017-04-10 08:37:48
poloniex,2793.60877134,2017-04-10 08:37:50
poloniex,2793.60877134,2017-04-10 08:37:52
poloniex,2793.60877134,2017-04-10 08:37:57
poloniex,2793.60877134,2017-04-10 08:38:02
poloniex,2793.60877134,2017-04-10 08:38:04
poloniex,2793.60877134,2017-04-10 08:38:06
poloniex,2793.60877134,2017-04-10 08:38:08
poloniex,2793.60877134,2017-04-10 08:38:10
poloniex,2793.60877134,2017-04-10 08:38:12
poloniex,2793.60877134,2017-04-10 08:38:14
poloniex,2793.60877134,2017-04-10 08:38:19
poloniex,2793.60877134,2017-04-10 08:38:24
poloniex,2793.60877134,2017-04-10 08:38:26
poloniex,2793.60877134,2017-04-10 08:38:28
poloniex,2793.60877134,2017-04-10 08:38:30
poloniex,2794.46423463,2017-04-10 08:38:32
poloniex,2794.46423463,2017-04-10 08:38:34
poloniex,2794.46423463,2017-04-10 08:38:35
poloniex,2794.46423463,2017-04-10 08:38:38
poloniex,2794.46423463,2017-04-10 08:38:42
poloniex,2794.46423463,2017-04-10 08:38:47
poloniex,2794.46423463,2017-04-10 08:38:49
poloniex,2794.46423463,2017-04-10 08:38:51
poloniex,2794.46423463,2017-04-10 08:38:53
poloniex,2794.46423463,2017-04-10 08:38:55
poloniex,2794.46423463,2017-04-10 08:38:57
poloniex,2794.46423463,2017-04-10 08:39:01
poloniex,2794.46423463,2017-04-10 08:39:06
poloniex,2794.46423463,2017-04-10 08:39:08
poloniex,2794.46423463,2017-04-10 08:39:10
poloniex,2794.46423463,2017-04-10 08:39:15
poloniex,2794.55185621,2017-04-10 08:39:19
poloniex,2794.55185621,2017-04-10 08:39:24
poloniex,2794.55185621,2017-04-10 08:39:29
poloniex,2794.55185621,2017-04-10 08:39:33
poloniex,2794.55185621,2017-04-10 08:39:38
poloniex,2794.55185621,2017-04-10 08:39:43
poloniex,2794.55185621,2017-04-10 08:39:48
poloniex,2794.55185621,2017-04-10 08:39:53
poloniex,2794.55185621,2017-04-10 08:39:57
poloniex,2794.55185621,2017-04-10 08:40:02
poloniex,2794.55185621,2017-04-10 08:40:04
poloniex,2795.26435798,2017-04-10 08:40:06
poloniex,2795.26435798,2017-04-10 08:40:08
poloniex,2795.26435798,2017-04-10 08:40:13
poloniex,2795.26435798,2017-04-10 08:40:17
poloniex,2795.26435798,2017-04-10 08:40:19
poloniex,2795.26435798,2017-04-10 08:40:21
poloniex,2795.26435798,2017-04-10 08:40:23
poloniex,2795.26435798,2017-04-10 08:40:25
poloniex,2795.26435798,2017-04-10 08:40:27
poloniex,2795.26435798,2017-04-10 08:40:32
poloniex,2795.26435798,2017-04-10 08:40:37
poloniex,2795.26435798,2017-04-10 08:40:39
poloniex,2795.26435798,2017-04-10 08:40:41
poloniex,2795.26435798,2017-04-10 08:40:43
poloniex,2795.26435798,2017-04-10 08:40:45
poloniex,2795.26435798,2017-04-10 08:40:47
poloniex,2795.26435798,2017-04-10 08:40:50
poloniex,2795.26435798,2017-04-10 08:40:57
poloniex,2795.26435798,2017-04-10 08:40:58
poloniex,2795.26435798,2017-04-10 08:41:00
poloniex,2795.26435798,2017-04-10 08:41:02
poloniex,2795.26435798,2017-04-10 08:41:07
poloniex,2794.69942939,2017-04-10 08:41:11
poloniex,2794.69942939,2017-04-10 08:41:13
poloniex,2794.69942939,2017-04-10 08:41:15
poloniex,2794.69942939,2017-04-10 08:41:18
poloniex,2794.69942939,2017-04-10 08:41:20
poloniex,2794.69942939,2017-04-10 08:41:22
poloniex,2794.69942939,2017-04-10 08:41:24
poloniex,2794.69942939,2017-04-10 08:41:29
poloniex,2794.69942939,2017-04-10 08:41:33
poloniex,2794.69942939,2017-04-10 08:41:35
poloniex,2794.69942939,2017-04-10 08:41:37
poloniex,2794.69942939,2017-04-10 08:41:39
poloniex,2794.69942939,2017-04-10 08:41:41
poloniex,2794.69942939,2017-04-10 08:41:43
poloniex,2794.69942939,2017-04-10 08:41:45
poloniex,2794.69942939,2017-04-10 08:41:49
poloniex,2794.69942939,2017-04-10 08:41:54
poloniex,2794.69942939,2017-04-10 08:41:56
poloniex,2794.69942939,2017-04-10 08:41:58
poloniex,2794.69942939,2017-04-10 08:42:02
poloniex,2794.69942939,2017-04-10 08:42:08
poloniex,2794.69942939,2017-04-10 08:42:10
poloniex,2794.69942939,2017-04-10 08:42:11
poloniex,2794.2313457,2017-04-10 08:42:15
poloniex,2794.2313457,2017-04-10 08:42:20
poloniex,2794.2313457,2017-04-10 08:42:23
poloniex,2794.2313457,2017-04-10 08:42:25
poloniex,2794.2313457,2017-04-10 08:42:27
poloniex,2794.2313457,2017-04-10 08:42:31
poloniex,2794.2313457,2017-04-10 08:42:36
poloniex,2794.2313457,2017-04-10 08:42:38
poloniex,2794.2313457,2017-04-10 08:42:40
poloniex,2794.2313457,2017-04-10 08:42:44
poloniex,2794.2313457,2017-04-10 08:42:49
poloniex,2794.2313457,2017-04-10 08:42:51
poloniex,2794.2313457,2017-04-10 08:42:55
poloniex,2794.2313457,2017-04-10 08:42:59
poloniex,2794.2313457,2017-04-10 08:43:04
poloniex,2794.2313457,2017-04-10 08:43:08
poloniex,2794.2313457,2017-04-10 08:43:12
poloniex,2794.2313457,2017-04-10 08:43:17
poloniex,2794.2313457,2017-04-10 08:43:22
poloniex,2794.2313457,2017-04-10 08:43:27
poloniex,2794.2313457,2017-04-10 08:43:31
poloniex,2793.88777689,2017-04-10 08:43:36
poloniex,2793.88777689,2017-04-10 08:43:38
poloniex,2793.88777689,2017-04-10 08:43:40
poloniex,2793.88777689,2017-04-10 08:43:42
poloniex,2793.88777689,2017-04-10 08:43:44
poloniex,2793.88777689,2017-04-10 08:43:46
poloniex,2793.88777689,2017-04-10 08:43:48
poloniex,2793.88777689,2017-04-10 08:43:50
poloniex,2793.88777689,2017-04-10 08:43:52
poloniex,2793.88777689,2017-04-10 08:43:54
poloniex,2793.88777689,2017-04-10 08:43:56
poloniex,2793.88777689,2017-04-10 08:43:58
poloniex,2793.88777689,2017-04-10 08:44:00
poloniex,2793.88777689,2017-04-10 08:44:03
poloniex,2793.88777689,2017-04-10 08:44:05
poloniex,2793.88777689,2017-04-10 08:44:07
poloniex,2793.88777689,2017-04-10 08:44:09
poloniex,2793.88777689,2017-04-10 08:44:11
poloniex,2793.88777689,2017-04-10 08:44:12
poloniex,2793.88777689,2017-04-10 08:44:14
poloniex,2793.88777689,2017-04-10 08:44:16
poloniex,2793.88777689,2017-04-10 08:44:18
poloniex,2793.88777689,2017-04-10 08:44:20
poloniex,2793.88777689,2017-04-10 08:44:22
poloniex,2793.88777689,2017-04-10 08:44:24
poloniex,2793.88777689,2017-04-10 08:44:26
poloniex,2793.88777689,2017-04-10 08:44:28
poloniex,2793.88777689,2017-04-10 08:44:30
poloniex,2793.88777689,2017-04-10 08:44:32
poloniex,2793.88777689,2017-04-10 08:44:34
poloniex,2793.88777689,2017-04-10 08:44:36
poloniex,2793.88777689,2017-04-10 08:44:38
poloniex,2793.78632033,2017-04-10 08:44:40
poloniex,2793.78632033,2017-04-10 08:44:42
poloniex,2793.78632033,2017-04-10 08:44:44
poloniex,2793.78632033,2017-04-10 08:44:45
poloniex,2793.78632033,2017-04-10 08:44:47
poloniex,2793.78632033,2017-04-10 08:44:49
poloniex,2793.78632033,2017-04-10 08:44:51
poloniex,2793.78632033,2017-04-10 08:44:53
poloniex,2793.78632033,2017-04-10 08:44:55
poloniex,2793.78632033,2017-04-10 08:44:57
poloniex,2793.78632033,2017-04-10 08:44:59
poloniex,2793.78632033,2017-04-10 08:45:01
poloniex,2793.78632033,2017-04-10 08:45:03
poloniex,2793.78632033,2017-04-10 08:45:05
poloniex,2793.78632033,2017-04-10 08:45:07
poloniex,2793.78632033,2017-04-10 08:45:09
poloniex,2793.78632033,2017-04-10 08:45:11
poloniex,2793.92236435,2017-04-10 08:45:13
poloniex,2793.92236435,2017-04-10 08:45:15
poloniex,2793.92236435,2017-04-10 08:45:17
poloniex,2793.92236435,2017-04-10 08:45:18
poloniex,2793.92236435,2017-04-10 08:45:20
poloniex,2793.92236435,2017-04-10 08:45:22
poloniex,2793.92236435,2017-04-10 08:45:24
poloniex,2793.92236435,2017-04-10 08:45:26
poloniex,2793.92236435,2017-04-10 08:45:28
poloniex,2793.92236435,2017-04-10 08:45:30
poloniex,2793.92236435,2017-04-10 08:45:32
poloniex,2793.92236435,2017-04-10 08:45:34
poloniex,2793.92236435,2017-04-10 08:45:36
poloniex,2793.92236435,2017-04-10 08:45:37
poloniex,2793.92236435,2017-04-10 08:45:39
poloniex,2793.92236435,2017-04-10 08:45:41
poloniex,2793.92236435,2017-04-10 08:45:43
poloniex,2793.92236435,2017-04-10 08:45:45
poloniex,2793.92236435,2017-04-10 08:45:47
poloniex,2793.92236435,2017-04-10 08:45:49
poloniex,2793.92236435,2017-04-10 08:45:51
poloniex,2793.92236435,2017-04-10 08:45:53
poloniex,2793.92236435,2017-04-10 08:45:54
poloniex,2793.92236435,2017-04-10 08:45:56
poloniex,2793.92236435,2017-04-10 08:45:58
poloniex,2793.92236435,2017-04-10 08:46:00
poloniex,2793.92236435,2017-04-10 08:46:02
poloniex,2793.92236435,2017-04-10 08:46:04
poloniex,2793.92236435,2017-04-10 08:46:06
poloniex,2793.92236435,2017-04-10 08:46:08
poloniex,2793.92236435,2017-04-10 08:46:10
poloniex,2793.92236435,2017-04-10 08:46:12
poloniex,2793.92236435,2017-04-10 08:46:14
poloniex,2794.07916086,2017-04-10 08:46:16
poloniex,2794.07916086,2017-04-10 08:46:18
poloniex,2794.07916086,2017-04-10 08:46:20
poloniex,2794.07916086,2017-04-10 08:46:22
poloniex,2794.07916086,2017-04-10 08:46:24
poloniex,2794.07916086,2017-04-10 08:46:26
poloniex,2794.07916086,2017-04-10 08:46:28
poloniex,2794.07916086,2017-04-10 08:46:30
poloniex,2794.07916086,2017-04-10 08:46:32
poloniex,2794.07916086,2017-04-10 08:46:34
poloniex,2794.07916086,2017-04-10 08:46:36
poloniex,2794.07916086,2017-04-10 08:46:37
poloniex,2794.07916086,2017-04-10 08:46:39
poloniex,2794.07916086,2017-04-10 08:46:41
poloniex,2794.07916086,2017-04-10 08:46:43
